{
  "cross_validation": {
    "xgboost": {
      "accuracy": {
        "mean": 0.9711971197119713,
        "std": 0.00047852332245605503
      },
      "precision": {
        "mean": 0.987643223716692,
        "std": 0.000579843927162568
      },
      "recall": {
        "mean": 0.9301215049633059,
        "std": 0.000855411677906746
      },
      "f1": {
        "mean": 0.958019647505232,
        "std": 0.0007045242051400486
      },
      "roc_auc": {
        "mean": 0.991970632974135,
        "std": 0.0001838966900734875
      }
    },
    "lightgbm": {
      "accuracy": {
        "mean": 0.9701127255582701,
        "std": 0.00048539293626702497
      },
      "precision": {
        "mean": 0.9868815227568085,
        "std": 0.0006239706393936289
      },
      "recall": {
        "mean": 0.9277480136667812,
        "std": 0.000958675849429892
      },
      "f1": {
        "mean": 0.9564014231090742,
        "std": 0.0007176866161933495
      },
      "roc_auc": {
        "mean": 0.9914463532700649,
        "std": 0.0002245245421760051
      }
    },
    "random_forest": {
      "accuracy": {
        "mean": 0.9783178317831783,
        "std": 0.00035578715450038974
      },
      "precision": {
        "mean": 0.990595424717086,
        "std": 0.00038431170937131394
      },
      "recall": {
        "mean": 0.9476335846996745,
        "std": 0.0006846895234823571
      },
      "f1": {
        "mean": 0.9686383185458661,
        "std": 0.0005199699433157582
      },
      "roc_auc": {
        "mean": 0.9942849027002444,
        "std": 0.00020559946600461673
      }
    }
  },
  "ensemble_final": {
    "accuracy": 0.9871672881573872,
    "precision": 0.9972833684561938,
    "recall": 0.9663142146655076,
    "f1": 0.9815545743916213,
    "roc_auc": 0.9968523567006338
  },
  "meta_weights": {
    "xgboost": -0.05247067985391058,
    "lightgbm": -0.8634761817922065,
    "random_forest": 11.634766724228957
  },
  "feature_names": [
    "url_length",
    "has_https",
    "dot_count",
    "subdomain_count",
    "has_ip",
    "special_char_count",
    "digit_count",
    "digit_ratio",
    "param_count",
    "brand_keyword",
    "phish_keyword",
    "suspicious_tld",
    "url_entropy",
    "domain_entropy",
    "hyphen_count",
    "path_depth",
    "token_count",
    "vowel_ratio",
    "domain_length",
    "at_symbol",
    "double_slash",
    "avg_token_length",
    "random_token_ratio"
  ],
  "n_samples": 699930,
  "n_features": 23,
  "n_folds": 5
}